<?xml version="1.0" encoding ="utf-8"?>
<swc xmlns="http://www.adobe.com/flash/swccatalog/9">
  <versions>
    <swc version="1.2" />
    <flex version="3.2.0" build="3958" />
  </versions>
  <features>
    <feature-script-deps />
    <feature-files />
  </features>
  <libraries>
    <library path="library.swf">
      <script name="mx/core/mx_internal" mod="1224183575371" signatureChecksum="2693670951" >
        <def id="mx.core:mx_internal" /> 
        <dep id="AS3" type="n" /> 
      </script>
      <script name="mx/utils/StringUtil" mod="1224183581324" signatureChecksum="1202948286" >
        <def id="mx.utils:StringUtil" /> 
        <dep id="Object" type="i" /> 
        <dep id="mx.core:mx_internal" type="n" /> 
        <dep id="AS3" type="n" /> 
        <dep id="RegExp" type="e" /> 
      </script>
      <script name="mx/resources/IResourceBundle" mod="1224183598497" signatureChecksum="1823165826" >
        <def id="mx.resources:IResourceBundle" /> 
        <dep id="Object" type="i" /> 
        <dep id="AS3" type="n" /> 
      </script>
      <script name="mx/resources/ResourceBundle" mod="1224183598434" signatureChecksum="1380861473" >
        <def id="mx.resources:ResourceBundle" /> 
        <dep id="mx.resources:IResourceBundle" type="i" /> 
        <dep id="Object" type="i" /> 
        <dep id="mx.core:mx_internal" type="n" /> 
        <dep id="AS3" type="n" /> 
        <dep id="flash.system:ApplicationDomain" type="s" /> 
        <dep id="Error" type="e" /> 
        <dep id="flash.system:ApplicationDomain" type="e" /> 
        <dep id="mx.utils:StringUtil" type="e" /> 
      </script>
      <keep-as3-metadata>
        <metadata name="Managed" />
        <metadata name="ChangeEvent" />
        <metadata name="Transient" />
        <metadata name="NonCommittingChangeEvent" />
        <metadata name="Bindable" />
      </keep-as3-metadata>
      <digests>
        <digest type="SHA-256" signed="false" value="a79784dee3e2a508923e7d1249d79227862a04b5030dce5c96f6e817107208e1"   />
      </digests>
    </library>
  </libraries>
  <files>
    <file path="locale/pt_BR/automation.properties" mod="1231908698000" />
  </files>
</swc>
