<?xml version="1.0" encoding ="utf-8"?>
<swc xmlns="http://www.adobe.com/flash/swccatalog/9">
  <versions>
    <swc version="1.2" />
    <flex version="3.2.0" build="3958" />
  </versions>
  <features>
    <feature-script-deps />
    <feature-files />
  </features>
  <libraries>
    <library path="library.swf">
      <script name="mx/core/mx_internal" mod="1224183575371" signatureChecksum="2693670951" >
        <def id="mx.core:mx_internal" /> 
        <dep id="AS3" type="n" /> 
      </script>
      <script name="mx/resources/IResourceBundle" mod="1224183598497" signatureChecksum="1823165826" >
        <def id="mx.resources:IResourceBundle" /> 
        <dep id="Object" type="i" /> 
        <dep id="AS3" type="n" /> 
      </script>
      <script name="mx/resources/ResourceBundle" mod="1224183598434" signatureChecksum="1380861473" >
        <def id="mx.resources:ResourceBundle" /> 
        <dep id="mx.resources:IResourceBundle" type="i" /> 
        <dep id="Object" type="i" /> 
        <dep id="mx.core:mx_internal" type="n" /> 
        <dep id="AS3" type="n" /> 
        <dep id="flash.system:ApplicationDomain" type="s" /> 
        <dep id="Error" type="e" /> 
        <dep id="flash.system:ApplicationDomain" type="e" /> 
        <dep id="mx.utils:StringUtil" type="e" /> 
      </script>
      <script name="mx/utils/StringUtil" mod="1224183581324" signatureChecksum="1202948286" >
        <def id="mx.utils:StringUtil" /> 
        <dep id="Object" type="i" /> 
        <dep id="mx.core:mx_internal" type="n" /> 
        <dep id="AS3" type="n" /> 
        <dep id="RegExp" type="e" /> 
      </script>
      <keep-as3-metadata>
        <metadata name="Managed" />
        <metadata name="ChangeEvent" />
        <metadata name="Transient" />
        <metadata name="NonCommittingChangeEvent" />
        <metadata name="Bindable" />
      </keep-as3-metadata>
      <digests>
        <digest type="SHA-256" signed="false" value="09fe227b73f7067d6c8ee8cf1082b98cf21fdae64f5f95d2c4f8f26b4bec6da3"   />
      </digests>
    </library>
  </libraries>
  <files>
    <file path="locale/pt_BR/SharedResources.properties" mod="1231908699000" />
    <file path="locale/pt_BR/validators.properties" mod="1231908699000" />
    <file path="locale/pt_BR/effects.properties" mod="1231908699000" />
    <file path="locale/pt_BR/skins.properties" mod="1231908699000" />
    <file path="locale/pt_BR/styles.properties" mod="1231908699000" />
    <file path="locale/pt_BR/formatters.properties" mod="1231908699000" />
    <file path="locale/pt_BR/states.properties" mod="1231908699000" />
    <file path="locale/pt_BR/utils.properties" mod="1231908699000" />
    <file path="locale/pt_BR/containers.properties" mod="1231908699000" />
    <file path="locale/pt_BR/collections.properties" mod="1231908699000" />
    <file path="locale/pt_BR/core.properties" mod="1231908699000" />
    <file path="locale/pt_BR/logging.properties" mod="1231908699000" />
    <file path="locale/pt_BR/controls.properties" mod="1231908699000" />
  </files>
</swc>
